node_id,graph_node,type,name,aliases,degree,latitude,longitude
GN-0005,5,junction,Junction 5,,4,17.4338356,78.51087835000001
GN-0006,6,junction,Junction 6,,4,17.43392565,78.5105465
GN-0007,7,junction,Junction 7,,5,17.434369980000003,78.50659612
GN-0009,9,junction,Junction 9,,4,17.4356988,78.51221815
GN-0010,10,junction,Junction 10,,4,17.435595300000003,78.51189425
GN-0012,12,junction,Junction 12,,4,17.435738649999998,78.51179060000001
GN-0013,13,junction,Junction 13,,4,17.43591645,78.51229040000001
GN-0014,14,junction,Junction 14,,8,17.446060049999996,78.58031199999999
GN-0015,15,junction,Junction 15,,6,17.4562679,78.6216571
GN-0019,19,junction,Junction 19,,4,17.454866600000003,78.5350055
GN-0022,22,junction,Junction 22,,4,17.43779405,78.46990305
GN-0023,23,junction,Junction 23,,4,17.435072599999998,78.47972254999999
GN-0024,24,junction,Junction 24,,4,17.43764135,78.46912929999999
GN-0025,25,station_or_junction,Begumpet,Begumpet; Begumpet,4,17.43944065,78.45605889999999
GN-0026,26,junction,Junction 26,,4,17.43959215,78.4558567
GN-0027,27,station_or_junction,Ferozguda,Ferozguda,4,17.463668400000003,78.45955705
GN-0028,28,junction,Junction 28,,4,17.463527149999997,78.45943
GN-0029,29,junction,Junction 29,,4,17.463142000000005,78.45061765
GN-0031,31,junction,Junction 31,,4,17.462820400000002,78.45181665
GN-0032,32,junction,Junction 32,,4,17.46213125,78.44713185
GN-0033,33,junction,Junction 33,,4,17.462424900000002,78.45326025000001
GN-0034,34,junction,Junction 34,,4,17.462474999999998,78.4530752
GN-0037,37,junction,Junction 37,,4,17.4841352,78.52727619999999
GN-0038,38,junction,Junction 38,,4,17.48445305,78.5269826
GN-0039,39,junction,Junction 39,,4,17.4795849,78.53237150000001
GN-0041,41,junction,Junction 41,,4,17.454767349999997,78.53521625
GN-0042,42,station_or_junction,James Street,James Street,4,17.432442200000004,78.48832525
GN-0043,43,junction,Junction 43,,4,17.43240025,78.48846434999999
GN-0044,44,station_or_junction,Bolarum Bazaar,Bolarum Bazaar,4,17.517158324999997,78.51591344999999
GN-0046,46,junction,Junction 46,,4,17.437263249999997,78.4626185
GN-0047,47,junction,Junction 47,,3,17.4296644,78.4621046
GN-0048,48,junction,Junction 48,,6,17.428376800000002,78.46170835000001
GN-0049,49,junction,Junction 49,,3,17.4376636,78.4618193
GN-0052,52,junction,Junction 52,,3,17.4377838,78.4616803
GN-0053,53,junction,Junction 53,,3,17.4376124,78.4688756
GN-0055,55,junction,Junction 55,,3,17.4369494,78.467035
GN-0056,56,junction,Junction 56,,3,17.4821959,78.368268
GN-0057,57,junction,Junction 57,,4,17.47442105,78.3819282
GN-0058,58,junction,Junction 58,,4,17.4349718,78.48004705
GN-0059,59,junction,Junction 59,,4,17.4619507,78.44689939999999
GN-0060,60,junction,Junction 60,,3,17.46114014,78.44424158
GN-0061,61,junction,Junction 61,,4,17.44776885,78.45164119999998
GN-0062,62,junction,Junction 62,,4,17.4334484,78.48507235
GN-0063,63,junction,Junction 63,,4,17.43337135,78.48532205000001
GN-0064,64,junction,Junction 64,,4,17.47432315,78.38207355
GN-0066,66,junction,Junction 66,,4,17.603465874999998,78.471588725
GN-0067,67,junction,Junction 67,,6,17.454381466666664,78.64406149999998
GN-0068,68,junction,Junction 68,,4,17.45293305,78.6743037
GN-0069,69,junction,Junction 69,,6,17.454349533333332,78.6437973
GN-0070,70,junction,Junction 70,,4,17.452947299999998,78.67502569999999
GN-0075,75,junction,Junction 75,,4,17.45244745,78.54429675
GN-0077,77,junction,Junction 77,,4,17.4644639,78.5404632
GN-0078,78,junction,Junction 78,,4,17.4794683,78.53286440000001
GN-0079,79,junction,Junction 79,,4,17.4642196,78.54044645
GN-0081,81,station_or_junction,Chandanagar,Chandanagar,4,17.486895249999996,78.331311375
GN-0082,82,station_or_junction,Nature Cure Hospital,Nature Cure Hospital,4,17.44756965,78.45168635
GN-0084,84,junction,Junction 84,,4,17.481137250000003,78.31127715
GN-0089,89,junction,Junction 89,,3,17.4324251,78.4986428
GN-0090,90,junction,Junction 90,,3,17.4321872,78.4979442
GN-0095,95,station_or_junction,Secunderabad Junction,Secunderabad Junction,4,17.43299815,78.50295015
GN-0096,96,junction,Junction 96,,4,17.43419805,78.50610755
GN-0097,97,junction,Junction 97,,4,17.5412866,78.5155891
GN-0098,98,junction,Junction 98,,3,17.4289399,78.4618363
GN-0101,101,junction,Junction 101,,3,17.5635459,78.4904704
GN-0104,104,junction,Junction 104,,3,17.4821112,78.368786
GN-0105,105,junction,Junction 105,,3,17.4827063,78.3600456
GN-0106,106,junction,Junction 106,,3,17.4827404,78.3591986
GN-0107,107,junction,Junction 107,,4,17.49075715,78.51817534999999
GN-0108,108,junction,Junction 108,,4,17.49077265,78.5180366
GN-0110,110,junction,Junction 110,,3,17.4757198,78.2927853
GN-0112,112,junction,Junction 112,,3,17.4752299,78.2915043
GN-0113,113,junction,Junction 113,,3,17.4344807,78.507425
GN-0114,114,junction,Junction 114,,4,17.49134365,78.5128473
GN-0115,115,junction,Junction 115,,4,17.49135665,78.51271715
GN-0116,116,junction,Junction 116,,3,17.4754222,78.291966
GN-0128,128,junction,Junction 128,,3,17.4611946,78.4428553
GN-0130,130,station,Sanat Nagar,Sanat Nagar,1,17.4620105,78.4345949
GN-0131,131,station,Bharath Nagar,Bharath Nagar,1,17.4624459,78.4301478
GN-0139,139,junction,Junction 139,,4,17.62034165,78.46696005000001
GN-0140,140,junction,Junction 140,,4,17.620487699999998,78.46703715
GN-0144,144,junction,Junction 144,,4,17.4313648,78.4926199
GN-0145,145,junction,Junction 145,,3,17.437458,78.4682568
GN-0146,146,junction,Junction 146,,3,17.4375393,78.4687347
GN-0151,151,junction,Junction 151,,3,17.432085,78.4978303
GN-0154,154,junction,Junction 154,,5,17.43203812,78.49753702000001
GN-0158,158,junction,Junction 158,,3,17.4321333,78.4989749
GN-0165,165,junction,Junction 165,,4,17.4626175,78.4525598
GN-0167,167,junction,Junction 167,,4,17.46278745,78.4519414
GN-0170,170,junction,Junction 170,,4,17.45310065,78.67418925
GN-0171,171,junction,Junction 171,,3,17.4613606,78.4409145
GN-0173,173,junction,Junction 173,,4,17.4801095,78.47161729999999
GN-0176,176,junction,Junction 176,,4,17.45310545,78.6749243
GN-0177,177,junction,Junction 177,,3,17.4530987,78.6753971
GN-0178,178,station,Ghatkesar,Ghatkesar,2,17.4532566,78.678525
GN-0179,179,junction,Junction 179,,4,17.459496199999997,78.4058764
GN-0180,180,junction,Junction 180,,4,17.460287675,78.40201975000001
GN-0181,181,station_or_junction,Borabanda,Borabanda,4,17.4594725,78.40604735
GN-0182,182,junction,Junction 182,,4,17.46394705,78.39309074999998
GN-0186,186,junction,Junction 186,,4,17.4717279,78.38428505
GN-0188,188,station_or_junction,HITEC City,HITEC City,4,17.471543500000003,78.38438815
GN-0189,189,junction,Junction 189,,4,17.460527850000002,78.42204989999999
GN-0190,190,junction,Junction 190,,4,17.46058825,78.42228615
GN-0191,191,junction,Junction 191,,4,17.426377449999997,78.46197455000001
GN-0193,193,junction,Junction 193,,4,17.4265016,78.4619304
GN-0194,194,junction,Junction 194,,4,17.4360993,78.54711125
GN-0195,195,junction,Junction 195,,4,17.4363284,78.54731905
GN-0196,196,junction,Junction 196,,4,17.4525495,78.5442029
GN-0197,197,junction,Junction 197,,8,17.4460679,78.58018727500001
GN-0198,198,junction,Junction 198,,6,17.456185966666666,78.6218067
GN-0200,200,junction,Junction 200,,4,17.523785224999997,78.5138959
GN-0201,201,junction,Junction 201,,4,17.522390050000002,78.5143168
GN-0203,203,junction,Junction 203,,3,17.5076982,78.2819614
GN-0204,204,station_or_junction,Ramachandrapuram TS,Ramachandrapuram TS,4,17.5097112,78.2821836
GN-0211,211,junction,Junction 211,,4,17.492235325,78.504958775
GN-0212,212,junction,Junction 212,,4,17.4802283,78.47164515
GN-0223,223,station,Ammuguda,Ammuguda,2,17.4862562,78.525648
GN-0230,230,junction,Junction 230,,3,17.5714426,78.4867305
GN-0236,236,junction,Junction 236,,4,17.431365099999997,78.49279165
